Transaction_ID,Date,Account_ID,Transaction_Type,Channel,Amount,Account_Balance,Fraud_Flag
TXN-501,2026-03-01,ACC-8801,Debit,Mobile_App,125.50,4520.00,0
TXN-502,2026-03-02,ACC-8802,Credit,Direct_Deposit,3200.00,7800.50,0
TXN-503,2026-03-02,ACC-8803,Debit,POS_Terminal,45.00,1250.25,0
TXN-504,2026-03-03,ACC-8804,Debit,ATM,400.00,2100.00,0
TXN-505,2026-03-04,ACC-8805,Debit,Online_Transfer,2500.00,140.00,0
TXN-506,2026-03-05,ACC-8806,Debit,Wire_International,9800.00,15200.00,1
TXN-507,2026-03-05,ACC-8807,Credit,Mobile_App,350.00,980.00,0
TXN-508,2026-03-06,ACC-8808,Debit,POS_Terminal,82.40,3120.60,0
TXN-509,2026-03-07,ACC-8801,Debit,Mobile_App,65.00,4455.00,0
TXN-510,2026-03-08,ACC-8809,Debit,ATM,200.00,1890.00,0
TXN-511,2026-03-09,ACC-8810,Credit,Direct_Deposit,4100.00,9450.00,0
TXN-512,2026-03-10,ACC-8811,Debit,Online_Transfer,12000.00,450.00,1
TXN-513,2026-03-11,ACC-8812,Debit,POS_Terminal,19.99,650.00,0
TXN-514,2026-03-12,ACC-8813,Debit,Mobile_App,110.00,2890.00,0
TXN-515,2026-03-13,ACC-8814,Debit,ATM,500.00,1200.00,0
TXN-516,2026-03-14,ACC-8802,Debit,POS_Terminal,145.20,7655.30,0
TXN-517,2026-03-15,ACC-8815,Credit,Wire_International,15000.00,32000.00,0
TXN-518,2026-03-16,ACC-8816,Debit,Online_Transfer,340.00,1120.00,0
TXN-519,2026-03-17,ACC-8817,Debit,Mobile_App,78.50,4300.00,0
TXN-520,2026-03-18,ACC-8818,Debit,POS_Terminal,92.00,2100.00,0
