Order_ID,Customer_ID,Product_ID,Order_Date,Revenue,Discount,Quantity
ORD-901,CUST-001,PRD-101,2026-01-10,1450.00,0.05,3
ORD-902,CUST-002,PRD-102,2026-01-12,420.00,0.00,2
ORD-903,CUST-003,PRD-103,2026-01-15,3100.00,0.10,5
ORD-904,CUST-001,PRD-105,2026-01-20,890.00,0.05,1
ORD-905,CUST-004,PRD-102,2026-01-25,120.00,0.00,4
ORD-906,CUST-002,PRD-104,2026-02-02,650.00,0.15,3
ORD-907,CUST-005,PRD-106,2026-02-08,2200.00,0.08,2
ORD-908,CUST-003,PRD-101,2026-02-14,1850.00,0.05,4
ORD-909,CUST-004,PRD-105,2026-02-20,780.00,0.10,2
ORD-910,CUST-001,PRD-103,2026-02-28,2900.00,0.12,6
ORD-911,CUST-006,PRD-102,2026-03-05,540.00,0.00,1
ORD-912,CUST-005,PRD-104,2026-03-12,1750.00,0.05,3
ORD-913,CUST-002,PRD-106,2026-03-18,920.00,0.10,2
ORD-914,CUST-003,PRD-101,2026-03-25,4100.00,0.08,7
ORD-915,CUST-006,PRD-103,2026-04-02,1120.00,0.05,2
