Order_ID,Date,Customer_ID,Product,Category,Region,Unit_Price,Quantity,Discount,Revenue
ORD-1001,2026-01-05,CUST-201,Quantum Laptop,Electronics,North,1200,2,0.05,2280
ORD-1002,2026-01-08,CUST-202,Ergo Chair,Furniture,South,250,4,0.10,900
ORD-1003,2026-01-12,CUST-203,Wireless Mouse,Electronics,West,45,10,0.00,450
ORD-1004,2026-01-15,CUST-204,Executive Desk,Furniture,East,650,1,0.15,552.5
ORD-1005,2026-01-20,CUST-205,Noise-Cancel Headphones,Electronics,North,180,3,0.05,513
ORD-1006,2026-01-25,CUST-206,Mechanical Keyboard,Electronics,South,120,5,0.00,600
ORD-1007,2026-02-02,CUST-207,Monitor 4K,Electronics,West,400,2,0.08,736
ORD-1008,2026-02-06,CUST-208,Filing Cabinet,Furniture,East,190,2,0.05,361
ORD-1009,2026-02-14,CUST-209,Smart Watch,Electronics,North,220,4,0.12,774.4
ORD-1010,2026-02-18,CUST-210,Desk Lamp,Furniture,South,60,8,0.00,480
ORD-1011,2026-02-24,CUST-211,USB-C Hub,Electronics,West,50,15,0.10,675
ORD-1012,2026-03-01,CUST-212,Office Bookshelf,Furniture,North,320,2,0.05,608
ORD-1013,2026-03-05,CUST-213,Quantum Laptop,Electronics,East,1200,3,0.08,3312
ORD-1014,2026-03-10,CUST-214,Ergo Chair,Furniture,West,250,5,0.10,1125
ORD-1015,2026-03-14,CUST-215,Noise-Cancel Headphones,Electronics,South,180,6,0.15,918
ORD-1016,2026-03-20,CUST-216,Executive Desk,Furniture,North,650,2,0.05,1235
ORD-1017,2026-03-25,CUST-217,Wireless Mouse,Electronics,East,45,20,0.10,810
ORD-1018,2026-04-02,CUST-218,Mechanical Keyboard,Electronics,West,120,7,0.05,798
ORD-1019,2026-04-08,CUST-219,Monitor 4K,Electronics,North,400,4,0.10,1440
ORD-1020,2026-04-15,CUST-220,Ergo Chair,Furniture,South,250,3,0.00,750
ORD-1021,2026-04-20,CUST-221,Smart Watch,Electronics,East,220,5,0.05,1045
ORD-1022,2026-04-26,CUST-222,Office Bookshelf,Furniture,West,320,1,0.00,320
ORD-1023,2026-05-02,CUST-223,Quantum Laptop,Electronics,North,1200,4,0.10,4320
ORD-1024,2026-05-10,CUST-224,Filing Cabinet,Furniture,South,190,3,0.10,513
ORD-1025,2026-05-18,CUST-225,Noise-Cancel Headphones,Electronics,East,180,8,0.20,1152
ORD-1026,2026-05-25,CUST-226,Desk Lamp,Furniture,West,60,12,0.05,684
ORD-1027,2026-06-01,CUST-227,USB-C Hub,Electronics,North,50,25,0.15,1062.5
ORD-1028,2026-06-12,CUST-228,Executive Desk,Furniture,South,650,3,0.10,1755
ORD-1029,2026-06-20,CUST-229,Monitor 4K,Electronics,East,400,5,0.05,1900
ORD-1030,2026-06-28,CUST-230,Wireless Mouse,Electronics,North,45,18,0.05,769.5
