Student_ID,Class_Grade,Study_Hours_Weekly,Attendance_Rate,Math_Score,Science_Score,English_Score,Remedial_Needed
STU-001,Grade_10,12,94.5,88,85,91,No
STU-002,Grade_10,6,81.0,62,58,70,Yes
STU-003,Grade_11,15,98.0,95,92,94,No
STU-004,Grade_11,4,72.5,51,48,59,Yes
STU-005,Grade_10,9,89.0,78,82,75,No
STU-006,Grade_12,18,99.0,98,96,95,No
STU-007,Grade_12,8,85.5,70,73,80,No
STU-008,Grade_11,5,76.0,55,52,64,Yes
STU-009,Grade_10,14,96.0,91,89,88,No
STU-010,Grade_12,11,91.5,84,86,82,No
STU-011,Grade_11,7,82.0,66,69,72,No
STU-012,Grade_10,3,68.0,42,45,50,Yes
STU-013,Grade_12,16,97.5,94,91,96,No
STU-014,Grade_10,10,90.0,80,78,85,No
STU-015,Grade_11,13,93.0,89,87,86,No
STU-016,Grade_12,5,74.0,58,54,61,Yes
STU-017,Grade_10,8,86.0,74,77,79,No
STU-018,Grade_11,11,92.0,83,81,85,No
STU-019,Grade_12,14,95.0,90,92,89,No
STU-020,Grade_10,4,70.5,49,51,55,Yes
